,lat,long,age,strat,Fe_redox,count,perc
1,-30.6,-68.9,458,Las Chacritas,Ferruginous,2,1
2,-30.3,-68.8,458,Las Aguaditas,Ferruginous,2,1
3,-30.3,-68.8,466,Las Aguaditas,Ferruginous,4,1
4,-29.8,-68.7,463,Gualcamayo,Ferruginous,11,1
5,-29.8,-68.7,464,Gualcamayo,Ferruginous,12,1
6,-29.8,-68.7,467,Gualcamayo,Ferruginous,24,1
7,-29.4,118.6,510,Hetang,Ferruginous,2,0.095238095
8,-29.4,118.6,511,Hetang,Ferruginous,6,0.428571429
9,-29.4,118.6,512,Hetang,Ferruginous,1,0.090909091
10,-29.4,118.6,514,Hetang,Ferruginous,2,0.5
11,-29.4,118.6,515,Piyuancun,Ferruginous,1,1
12,-29.4,118.6,517,Piyuancun,Ferruginous,1,1
13,-29.4,118.6,518,Piyuancun,Ferruginous,2,1
14,-29.4,118.6,519,Piyuancun,Ferruginous,1,1
15,-29.4,118.6,520,Piyuancun,Ferruginous,1,1
16,-29.4,118.6,521,Piyuancun,Ferruginous,1,0.5
17,-29.4,118.6,525,Piyuancun,Ferruginous,1,1
18,-29.4,118.6,527,Piyuancun,Ferruginous,2,1
19,-29.4,118.6,528,Piyuancun,Ferruginous,1,1
20,-29.4,118.6,531,Piyuancun,Ferruginous,1,0.5
21,-29.4,118.6,534,Piyuancun,Ferruginous,1,0.5
22,-29.4,118.6,536,Piyuancun,Ferruginous,1,0.5
23,-29.4,118.6,537,Piyuancun,Ferruginous,1,1
24,-29.4,118.6,538,Piyuancun,Ferruginous,1,1
25,-29.4,118.6,539,Piyuancun,Ferruginous,1,1
26,-29.4,118.6,540,Piyuancun,Ferruginous,2,1
27,-29.4,118.6,541,Piyuancun,Ferruginous,2,1
28,-29.4,118.6,543,Piyuancun,Ferruginous,2,0.666666667
29,-29.4,118.6,548,Piyuancun,Ferruginous,1,1
30,-29.4,118.6,549,Piyuancun,Ferruginous,1,1
31,-29.4,118.6,550,Piyuancun,Ferruginous,1,0.5
32,-28.6,132.5,770,Buldya,Ferruginous,3,0.75
33,-27.5,16.7,542,Spitskopf,Ferruginous,1,1
34,-26.9,16.4,549,Kliphoek,Ferruginous,7,1
35,-26.9,16.4,549,Mara,Ferruginous,6,1
36,-24.6,132.3,630,Pertatataka,Ferruginous,1,1
37,-24.6,132.3,635,Pioneer,Ferruginous,3,1
38,-24.6,132.3,657,Aralka,Ferruginous,19,1
39,-24.6,132.3,660,Areyonga,Ferruginous,2,1
40,-24.6,132.3,662,Areyonga,Ferruginous,1,1
41,-24.6,132.3,666,Areyonga,Ferruginous,1,1
42,-24.6,132.3,800,Bitter Springs,Ferruginous,7,1
43,-24.6,132.3,825,Loves Creek,Ferruginous,4,1
44,-20.4,14.3,640,Ghaub,Ferruginous,4,1
45,-20.4,138.9,1647,Lady Loretta,Ferruginous,16,1
46,-20.2,15.1,635,Ghaub,Ferruginous,6,1
47,-20.2,15.1,637,Ghaub,Ferruginous,6,1
48,-20.2,15.1,638,Ghaub,Ferruginous,1,1
49,-20,139,590,Grant Bluff,Ferruginous,5,0.833333333
50,-20,139,610,Elyuah,Ferruginous,8,1
51,-17.9,138.2,1639,Mount Les Siltstone,Ferruginous,3,1
52,-17.9,138.4,1639,Mount Les Siltstone,Ferruginous,3,1
53,-16.9,136.2,1639,Barney Creek,Ferruginous,16,0.888888889
54,20.8,-12.9,1107,Unit I-5,Ferruginous,1,0.029411765
55,20.8,-12.8,1109,Unit I-4,Ferruginous,2,0.074074074
56,23.1,58.3,248,Al Jil,Ferruginous,1,1
57,23.1,58.3,249,Al Jil,Ferruginous,2,1
58,23.1,58.3,250,Al Jil,Ferruginous,3,1
59,23.1,58.3,251,Al Jil,Ferruginous,12,1
60,23.1,58.3,251,Member A,Ferruginous,14,1
61,23.1,58.3,251,Member B,Ferruginous,18,1
62,23.1,58.3,251,Member C,Ferruginous,8,1
63,23.1,58.3,251,Member D,Ferruginous,5,1
64,23.2,57.7,251,Member M1,Ferruginous,15,1
65,23.2,57.7,251,Member M2,Ferruginous,2,1
66,23.5,-7.8,1100,Aguelt el Mabha,Ferruginous,1,1
67,23.7,56.9,251,Unit 6,Ferruginous,9,1
68,23.7,56.9,251,Unit 7,Ferruginous,1,1
69,23.7,56.9,252,Unit 6,Ferruginous,1,1
70,23.7,56.9,253,Unit 5,Ferruginous,7,1
71,23.7,56.9,254,Unit 4,Ferruginous,4,1
72,23.7,56.9,255,Unit 4,Ferruginous,1,1
73,23.7,56.9,256,Unit 3,Ferruginous,1,1
74,23.7,56.9,257,Unit 3,Ferruginous,1,1
75,23.7,56.9,259,Unit 3,Ferruginous,1,1
76,23.7,56.9,260,Unit 3,Ferruginous,1,1
77,23.7,56.9,262,Unit 2,Ferruginous,1,1
78,24.7,102.6,521,Shiyantou,Ferruginous,7,0.875
79,24.8,55.9,248,Member D,Ferruginous,1,1
80,24.8,55.9,250,Member C17,Ferruginous,2,1
81,24.8,55.9,251,Member C16,Ferruginous,4,1
82,24.8,55.9,251,Member C17,Ferruginous,18,1
83,24.8,55.9,251,Member C2,Ferruginous,1,1
84,24.8,55.9,251,Member C3,Ferruginous,1,1
85,24.8,55.9,251,Member C5,Ferruginous,1,1
86,24.8,55.9,251,Member C6,Ferruginous,1,1
87,24.8,55.9,251,Member C7,Ferruginous,1,1
88,24.8,55.9,251,Member C9,Ferruginous,1,1
89,24.8,55.9,252,Member B4,Ferruginous,1,1
90,24.8,55.9,252,Member B5,Ferruginous,3,1
91,24.8,55.9,252,Member C1,Ferruginous,29,1
92,24.8,55.9,252,Member C2,Ferruginous,1,1
93,24.9,102.6,517,Yuanshan,Ferruginous,10,0.588235294
94,24.9,102.6,520,Yuanshan,Ferruginous,5,0.833333333
95,24.9,103.1,517,Yuanshan,Ferruginous,23,0.575
96,25.8,109.2,634,Doushantuo,Ferruginous,1,1
97,26,107.9,510,Duliujiang,Ferruginous,2,1
98,26,107.9,513,Zhalagou,Ferruginous,1,1
99,26,107.9,516,Zhalagou,Ferruginous,2,1
100,26,107.9,517,Zhalagou,Ferruginous,3,0.75
101,26,107.9,518,Zhalagou,Ferruginous,2,1
102,26,107.9,519,Zhalagou,Ferruginous,1,1
103,26,107.9,521,Zhalagou,Ferruginous,5,1
104,26.1,12.2,441,Tanezzuft,Ferruginous,1,0.111111111
105,26.8,108.4,512,Bianmachong,Ferruginous,1,1
106,26.8,108.4,514,Bianmachong,Ferruginous,1,0.5
107,26.8,108.4,516,Jiumenchong,Ferruginous,2,1
108,26.8,108.4,517,Jiumenchong,Ferruginous,1,1
109,26.8,108.4,522,Niutitang,Ferruginous,1,1
110,26.8,108.4,530,Liuchapo,Ferruginous,1,1
111,26.8,108.4,531,Liuchapo,Ferruginous,1,1
112,26.8,108.4,533,Liuchapo,Ferruginous,1,1
113,26.8,108.4,534,Liuchapo,Ferruginous,1,1
114,26.8,108.4,536,Liuchapo,Ferruginous,1,1
115,26.8,108.4,578,Member III,Ferruginous,1,1
116,26.8,108.4,579,Member III,Ferruginous,3,0.75
117,26.8,108.4,580,Member III,Ferruginous,1,0.2
118,26.8,108.4,581,Member III,Ferruginous,1,0.5
119,26.8,108.4,624,Member II,Ferruginous,1,1
120,26.8,108.4,632,Member II,Ferruginous,3,0.6
121,26.8,108.4,633,Member II,Ferruginous,1,0.5
122,26.8,108.4,634,Member II,Ferruginous,1,0.2
123,27.1,107.6,514,Mingxinsi,Ferruginous,1,0.5
124,27.1,107.6,515,Mingxinsi,Ferruginous,2,1
125,27.1,107.6,516,Mingxinsi,Ferruginous,7,1
126,27.1,107.6,518,Niutitang,Ferruginous,4,1
127,27.1,107.6,519,Niutitang,Ferruginous,3,0.6
128,27.1,107.6,520,Niutitang,Ferruginous,2,0.666666667
129,27.1,107.6,521,Niutitang,Ferruginous,3,1
130,27.1,107.6,523,Niutitang,Ferruginous,1,1
131,27.5,106.3,519,Niutitang,Ferruginous,1,1
132,27.5,106.3,520,Niutitang,Ferruginous,3,1
133,27.5,106.3,521,Niutitang,Ferruginous,9,1
134,27.5,106.3,523,Niutitang,Ferruginous,1,1
135,27.7,106.7,521,Niutitang,Ferruginous,6,0.75
136,27.7,106.7,532,Niutitang,Ferruginous,1,1
137,27.7,106.7,540,Niutitang,Ferruginous,4,1
138,27.8,106.7,551,Doushantuo,Ferruginous,8,0.666666667
139,28.2,109.3,540,Liuchapo,Ferruginous,3,1
140,28.2,109.3,540,Niutitang,Ferruginous,1,1
141,28.3,102.9,521,Shiyantou,Ferruginous,46,1
142,28.3,102.9,521,Yuanshan,Ferruginous,9,1
143,28.3,102.9,526,Shiyantou,Ferruginous,43,1
144,28.3,108.6,524,Jiumenchong,Ferruginous,2,1
145,28.3,108.6,525,Xiaosi,Ferruginous,2,1
146,28.3,108.6,527,Xiaosi,Ferruginous,1,1
147,28.3,108.6,528,Xiaosi,Ferruginous,2,0.666666667
148,28.3,108.6,529,Xiaosi,Ferruginous,2,1
149,28.3,108.6,530,Xiaosi,Ferruginous,2,1
150,28.3,108.6,532,Niutitang,Ferruginous,2,0.666666667
151,28.3,108.6,534,Jiumenchong,Ferruginous,1,1
152,28.3,108.6,535,Jiumenchong,Ferruginous,1,1
153,28.3,108.6,536,Jiumenchong,Ferruginous,1,0.333333333
154,28.3,108.6,537,Jiumenchong,Ferruginous,1,1
155,28.3,108.6,538,Jiumenchong,Ferruginous,1,0.5
156,28.3,108.6,548,Liuchapo,Ferruginous,1,1
157,28.3,108.6,549,Liuchapo,Ferruginous,1,1
158,28.3,108.6,551,Liuchapo,Ferruginous,1,1
159,28.3,108.6,570,Doushantuo,Ferruginous,1,1
160,28.3,108.6,590,Doushantuo,Ferruginous,1,1
161,28.3,108.6,610,Doushantuo,Ferruginous,1,1
162,28.3,108.6,620,Doushantuo,Ferruginous,1,1
163,28.3,108.6,631,Doushantuo,Ferruginous,1,1
164,28.4,109.3,634,Doushantuo,Ferruginous,1,1
165,28.5,109.8,521,Niutitang,Ferruginous,3,1
166,28.5,109.8,522,Niutitang,Ferruginous,9,1
167,28.5,109.8,523,Niutitang,Ferruginous,1,0.333333333
168,28.5,109.8,536,Liuchapo,Ferruginous,1,1
169,28.5,109.8,540,Liuchapo,Ferruginous,6,0.6
170,28.5,109.8,540,Niutitang,Ferruginous,3,0.428571429
171,28.5,109.8,542,Liuchapo,Ferruginous,1,1
172,28.5,109.8,548,Liuchapo,Ferruginous,1,1
173,29.3,35.6,443,Batra,Ferruginous,2,1
174,29.5,112.7,1665,Chuangzhougou,Ferruginous,1,1
175,29.5,112.7,1666,Chuangzhougou,Ferruginous,2,1
176,29.5,112.7,1667,Chuangzhougou,Ferruginous,1,1
177,29.5,112.7,1668,Chuangzhougou,Ferruginous,4,1
178,29.5,112.7,1670,Chuangzhougou,Ferruginous,2,1
179,29.6,111.1,559,Doushantuo,Ferruginous,1,1
180,29.6,111.1,560,Doushantuo,Ferruginous,1,1
181,29.6,111.1,573,Doushantuo,Ferruginous,1,1
182,29.6,111.1,592,Doushantuo,Ferruginous,1,1
183,29.6,111.1,593,Doushantuo,Ferruginous,1,1
184,29.6,111.1,597,Doushantuo,Ferruginous,1,1
185,29.6,111.1,604,Doushantuo,Ferruginous,1,1
186,29.6,111.1,625,Doushantuo,Ferruginous,1,1
187,29.6,111.1,627,Doushantuo,Ferruginous,1,0.5
188,29.6,111.1,630,Doushantuo,Ferruginous,1,0.5
189,29.6,111.1,632,Doushantuo,Ferruginous,1,1
190,29.9,118.1,521,Hetang,Ferruginous,2,1
191,29.9,118.1,528,Hetang,Ferruginous,2,1
192,29.9,118.1,529,Hetang,Ferruginous,2,1
193,29.9,118.1,530,Hetang,Ferruginous,2,0.666666667
194,29.9,118.1,531,Hetang,Ferruginous,2,1
195,29.9,118.1,532,Hetang,Ferruginous,1,1
196,29.9,118.1,533,Hetang,Ferruginous,2,1
197,29.9,118.1,535,Hetang,Ferruginous,1,0.5
198,30,111,514,Niutitang,Ferruginous,1,1
199,30,111,517,Niutitang,Ferruginous,1,0.5
200,30,111,518,Niutitang,Ferruginous,1,1
201,30,111,519,Niutitang,Ferruginous,1,0.5
202,30,111,520,Niutitang,Ferruginous,1,1
203,30,111,521,Niutitang,Ferruginous,1,1
204,30,111,523,Niutitang,Ferruginous,1,0.25
205,30,111,524,Niutitang,Ferruginous,4,0.8
206,30,111,525,Niutitang,Ferruginous,1,1
207,30,111,661,Datangpo,Ferruginous,1,0.5
208,30.8,111,530,Shuijingtuo,Ferruginous,3,1
209,30.8,111,530,Yangjiahe,Ferruginous,3,0.75
210,30.8,111.1,551,Member III,Ferruginous,2,1
211,30.8,111.1,551,Member IV,Ferruginous,3,0.157894737
212,30.8,111.1,561,Doushantuo,Ferruginous,1,1
213,30.8,111.1,562,Doushantuo,Ferruginous,1,1
214,30.8,111.1,563,Doushantuo,Ferruginous,1,1
215,30.8,111.1,582,Doushantuo,Ferruginous,1,1
216,30.8,111.1,588,Doushantuo,Ferruginous,1,1
217,30.8,111.1,610,Doushantuo,Ferruginous,1,1
218,30.8,111.1,618,Doushantuo,Ferruginous,1,1
219,30.8,111.1,619,Doushantuo,Ferruginous,1,1
220,30.8,111.1,620,Doushantuo,Ferruginous,1,1
221,30.8,111.1,624,Doushantuo,Ferruginous,1,1
222,30.8,111.1,625,Doushantuo,Ferruginous,1,1
223,30.8,111.1,628,Doushantuo,Ferruginous,1,1
224,30.8,111.1,630,Doushantuo,Ferruginous,1,1
225,30.8,111.1,633,Member II,Ferruginous,26,0.962962963
226,30.8,111.2,514,Shipai,Ferruginous,5,1
227,30.9,110.9,530,Shuijingtuo,Ferruginous,3,0.428571429
228,30.9,110.9,530,Yangjiahe,Ferruginous,2,1
229,30.9,110.9,551,Member IV,Ferruginous,7,1
230,30.9,110.9,560,Member IV,Ferruginous,7,0.5
231,31.1,-5,428,Tamaghrout,Ferruginous,1,1
232,31.1,-5,435,Tamaghrout,Ferruginous,1,1
233,31.5,-101.6,301,Cline,Ferruginous,24,0.827586207
234,31.6,-101.6,291,Leonard,Ferruginous,7,0.538461538
235,31.6,-101.6,291,Wolfcamp,Ferruginous,3,0.5
236,31.6,-101.6,292,Wolfcamp,Ferruginous,5,0.714285714
237,31.6,-101.6,293,Wolfcamp,Ferruginous,5,0.625
238,31.6,-101.6,294,Wolfcamp,Ferruginous,8,0.8
239,31.6,-101.6,295,Wolfcamp,Ferruginous,3,0.3
240,31.6,-101.6,296,Wolfcamp,Ferruginous,4,0.4
241,31.6,-101.6,297,Wolfcamp,Ferruginous,3,0.75
242,32.1,105.5,252,Feixianguan,Ferruginous,7,1
243,32.1,105.5,253,Talung,Ferruginous,10,0.555555556
244,32.6,116.8,1000,Jiuliqiao,Ferruginous,16,1
245,32.6,116.8,1000,Liulaobei,Ferruginous,4,1
246,32.6,116.8,1000,Sidingshan,Ferruginous,5,1
247,32.6,116.9,1000,Liulaobei,Ferruginous,34,1
248,32.7,116.7,1000,Liulaobei,Ferruginous,19,1
249,34.5,-120.1,15,Monterey,Ferruginous,28,0.933333333
250,35.7,-116.4,740,Beck Spring Dolomite,Ferruginous,24,1
251,35.7,-116.4,740,Kingston Peak,Ferruginous,14,1
252,36.1,-114,742,Walcott,Ferruginous,1,0.25
253,36.1,-111.8,779,Jupiter,Ferruginous,2,1
254,37.3,-117.3,538,Deep Spring,Ferruginous,1,1
255,37.3,-117.3,539,Deep Spring,Ferruginous,1,1
256,37.3,-117.3,545,Deep Spring,Ferruginous,1,1
257,37.9,-83,498,Nolichucky Shale,Ferruginous,1,1
258,38,-5.9,430,Lower Graptolitic Shales,Ferruginous,1,1
259,38,-5.9,438,Lower Graptolitic Shales,Ferruginous,1,1
260,38.6,-85,497,Eau Claire,Ferruginous,2,0.4
261,38.6,-82.8,497,Nolichucky Shale,Ferruginous,7,1
262,38.9,-4.1,432,Guadarranquejo,Ferruginous,1,1
263,38.9,-4.1,436,Guadarranquejo,Ferruginous,1,1
264,39.2,-113.4,504,Wheeler,Ferruginous,20,1
265,39.3,-113.3,504,Wheeler,Ferruginous,12,1
266,39.3,-80.4,385,Marcellus Shale,Ferruginous,7,0.269230769
267,39.3,-80.4,386,Marcellus Shale,Ferruginous,1,0.076923077
268,39.3,-80.4,386,Purcell Limestone,Ferruginous,1,1
269,39.3,-80.4,388,Marcellus Shale,Ferruginous,1,0.071428571
270,39.4,-113.3,504,Wheeler,Ferruginous,2,1
271,39.5,-113,504,Wheeler,Ferruginous,1,1
272,39.7,-80.8,385,Marcellus Shale,Ferruginous,6,0.6
273,39.7,-80.8,386,Marcellus Shale,Ferruginous,5,0.5
274,39.7,-80.8,388,Marcellus Shale,Ferruginous,2,0.222222222
275,39.9,-116.2,438,Elder Sandstone,Ferruginous,2,1
276,39.9,-116.2,443,Vinini,Ferruginous,2,1
277,39.9,-116.2,444,Vinini,Ferruginous,20,0.869565217
278,39.9,-116.2,445,Vinini,Ferruginous,19,0.826086957
279,39.9,-116.2,446,Vinini,Ferruginous,13,0.928571429
280,39.9,-116.2,447,Vinini,Ferruginous,2,1
281,39.9,-116.2,448,Vinini,Ferruginous,2,1
282,40.1,117.1,1630,Chuanlinggou,Ferruginous,36,1
283,41.5,-118.3,247,Quinn River,Ferruginous,1,1
284,41.5,-118.3,248,Quinn River,Ferruginous,3,1
285,41.5,-118.3,249,Quinn River,Ferruginous,1,1
286,41.5,-118.3,250,Quinn River,Ferruginous,4,1
287,41.5,-118.3,251,Quinn River,Ferruginous,8,1
288,41.5,-118.3,252,Quinn River,Ferruginous,22,1
289,41.5,-118.3,253,Quinn River,Ferruginous,3,1
290,42.9,-74.6,451,Flat Creek,Ferruginous,2,1
291,42.9,-74.6,452,Flat Creek,Ferruginous,20,1
292,43,-74.9,451,Dolgeville,Ferruginous,5,1
293,43,-74.9,451,Indian Castle,Ferruginous,4,1
294,43,-74.8,451,Dolgeville,Ferruginous,8,1
295,43,-74.8,451,Indian Castle,Ferruginous,10,1
296,43,-74.8,452,Dolgeville,Ferruginous,4,1
297,43.1,-74.8,451,Dolgeville,Ferruginous,10,1
298,43.3,-75.4,448,Frankfort,Ferruginous,20,0.952380952
299,45.7,-112.6,1470,Newland,Ferruginous,6,1
300,46.4,-111.1,1470,Newland,Ferruginous,1,1
301,46.4,-91.6,1080,Nonesuch,Ferruginous,1,1
302,46.7,96.9,538,Zuune Arts,Ferruginous,4,1
303,46.8,-110.9,1470,Newland,Ferruginous,4,0.666666667
304,46.9,95.3,538,Bayan Gol,Ferruginous,3,1
305,47.1,95.4,542,Zuune Arts,Ferruginous,2,1
306,47.2,-103.6,351,Lodgepole,Ferruginous,4,0.571428571
307,48.7,-102.2,361,Bakken,Ferruginous,4,1
308,49.9,14,437,Litohlavy,Ferruginous,1,1
309,49.9,14.1,431,Motol,Ferruginous,1,1
310,49.9,14.2,440,Želkovice,Ferruginous,1,1
311,51.7,-115.5,184,Fernie,Ferruginous,1,0.25
312,51.9,-5.2,461,Caerhys Shale,Ferruginous,1,1
313,51.9,-5.2,463,Caerhys Shale,Ferruginous,1,1
314,51.9,-5.2,464,Caerhys Shale,Ferruginous,1,1
315,52.2,-3.4,458,Llanfawr Mudstone,Ferruginous,1,1
316,52.2,9.6,181,Posidonia,Ferruginous,1,1
317,52.2,9.6,182,Posidonia,Ferruginous,1,0.25
318,52.3,-0.2,183,Charmouth Mudstone,Ferruginous,1,1
319,52.6,-1.5,494,Outwoods Shale,Ferruginous,36,0.947368421
320,52.6,-1.5,495,Outwoods Shale,Ferruginous,13,0.928571429
321,52.6,-1.5,496,Outwoods Shale,Ferruginous,15,0.833333333
322,52.6,-1.5,497,Outwoods Shale,Ferruginous,28,0.933333333
323,52.6,-1.5,498,Mancetter Shale,Ferruginous,1,0.5
324,52.6,-1.5,498,Outwoods Shale,Ferruginous,2,0.666666667
325,52.6,-1.5,499,Mancetter Shale,Ferruginous,2,0.5
326,52.7,-3.3,431,Nant-Ysgollon Mudstone,Ferruginous,1,1
327,52.7,-3.3,432,Nant-Ysgollon Mudstone,Ferruginous,2,1
328,52.7,-3.1,432,Trewern Brook Mudstone,Ferruginous,2,1
329,52.9,-4.2,483,Dol-cyn-afon,Ferruginous,1,1
330,53.5,57.5,1230,Kutkur Subformation,Ferruginous,1,1
331,53.5,57.5,1230,Malyi Inzer Subformation,Ferruginous,1,0.5
332,53.5,57.5,1230,Ushakov Subformation,Ferruginous,1,1
333,53.5,57.5,1330,Tukan Subformation,Ferruginous,4,0.8
334,53.5,57.6,970,Nugush Subformation,Ferruginous,3,1
335,53.8,57,970,Nugush Subformation,Ferruginous,1,1
336,53.9,-2.5,330,Bowland Shale,Ferruginous,18,0.461538462
337,53.9,57.1,844,Inzer,Ferruginous,2,1
338,54,-2.5,330,Bowland Shale,Ferruginous,28,0.595744681
339,54.1,-2.2,329,Bowland Shale,Ferruginous,3,1
340,54.1,-2.2,330,Bowland Shale,Ferruginous,16,0.842105263
341,54.4,-16.9,183,Fernie,Ferruginous,1,0.066666667
342,54.4,-16.9,185,Fernie,Ferruginous,1,0.333333333
343,54.4,-16.9,188,Fernie,Ferruginous,2,1
344,54.4,-16.9,189,Fernie,Ferruginous,1,1
345,54.5,-0.5,183,Mulgrave Shale,Ferruginous,14,0.4
346,55,15,440,Rastrites,Ferruginous,1,1
347,55,58.8,1430,Makarovo Subformation,Ferruginous,7,1
348,55,59.1,1550,Lower Satka Subformation,Ferruginous,1,1
349,55.1,59,1550,Polovinka Subformation,Ferruginous,2,1
350,55.3,59.4,1615,Kisegan Subformation,Ferruginous,5,1
351,55.4,-3.4,450,Lower Hartfell Shale,Ferruginous,1,1
352,55.7,14,499,Alum,Ferruginous,1,0.333333333
353,55.8,-118.7,183,Fernie,Ferruginous,4,0.173913043
354,56.5,-122.1,247,Montney,Ferruginous,2,0.5
355,56.5,-122.1,248,Montney,Ferruginous,5,1
356,56.5,-122.1,249,Montney,Ferruginous,7,0.7
357,56.5,-122.1,250,Montney,Ferruginous,11,0.846153846
358,56.5,-122.1,251,Montney,Ferruginous,13,0.928571429
359,56.5,-122.1,252,Montney,Ferruginous,1,0.166666667
360,56.5,-122.1,260,Belloy,Ferruginous,1,1
361,56.7,21.6,432,Jurmala,Ferruginous,1,1
362,56.7,21.6,433,Jurmala,Ferruginous,1,1
363,56.7,21.6,436,Jurmala,Ferruginous,1,1
364,56.7,21.6,437,Jurmala,Ferruginous,1,1
365,56.7,21.6,439,Dobele,Ferruginous,1,1
366,57.1,18.4,514,File Haidar,Ferruginous,6,1
367,57.3,17,511,File Haidar,Ferruginous,8,1
368,57.8,18.6,514,File Haidar,Ferruginous,4,1
369,58.5,15.2,508,Borgholm,Ferruginous,25,0.806451613
370,58.5,15.2,511,File Haidar,Ferruginous,2,1
371,59,15,508,Borgholm,Ferruginous,6,0.75
372,59,15,511,File Haidar,Ferruginous,1,1
373,59.5,19.3,521,File Haidar,Ferruginous,9,1
374,59.9,10.8,472,Tøyen,Ferruginous,2,0.666666667
375,60.1,-124.1,352,Banff,Ferruginous,1,1
376,60.1,-124.1,353,Exshaw,Ferruginous,2,1
377,60.1,-124.1,354,Exshaw,Ferruginous,3,1
378,60.1,-124.1,355,Exshaw,Ferruginous,4,1
379,60.1,-124.1,356,Exshaw,Ferruginous,3,1
380,60.1,-124.1,357,Exshaw,Ferruginous,3,1
381,60.1,-124.1,358,Exshaw,Ferruginous,1,1
382,60.1,-124.1,359,Patry,Ferruginous,1,1
383,60.1,-124.1,372,Fort Simpson,Ferruginous,3,0.75
384,60.1,-124.1,373,Fort Simpson,Ferruginous,3,1
385,60.1,-124.1,374,Fort Simpson,Ferruginous,1,1
386,60.1,-124.1,381,Fort Simpson,Ferruginous,1,1
387,60.1,-124.1,381,Muskwa,Ferruginous,3,0.5
388,60.1,-124.1,383,Evie,Ferruginous,1,0.2
389,60.1,-124.1,383,Otter Park,Ferruginous,1,0.111111111
390,60.1,-124.1,384,Evie,Ferruginous,2,0.4
391,60.1,-124.1,384,Nahanni,Ferruginous,4,0.8
392,61.3,18.6,511,File Haidar,Ferruginous,7,1
393,61.6,-125.6,428,Road River,Ferruginous,1,1
394,61.6,-125.6,434,Road River,Ferruginous,1,1
395,62.6,-127.3,628,Sheepbed,Ferruginous,4,1
396,62.6,-127.3,629,Sheepbed,Ferruginous,3,1
397,62.6,-127.3,630,Sheepbed,Ferruginous,3,1
398,62.6,-127.3,631,Sheepbed,Ferruginous,3,1
399,62.6,-127.3,632,Sheepbed,Ferruginous,9,1
400,62.6,-127.3,633,Sheepbed,Ferruginous,4,1
401,62.6,-127.3,634,Sheepbed,Ferruginous,4,1
402,62.6,-127.2,632,Sheepbed,Ferruginous,5,1
403,62.6,-127.2,633,Sheepbed,Ferruginous,3,1
404,62.6,-127.2,643,Keele,Ferruginous,1,1
405,62.6,-126.6,818,Gayne,Ferruginous,1,1
406,63.3,-130,427,Road River,Ferruginous,1,1
407,63.3,-128.6,535,Ingta,Ferruginous,1,1
408,63.3,-128.6,536,Ingta,Ferruginous,4,1
409,63.3,-128.6,539,Ingta,Ferruginous,1,1
410,63.3,-128.6,540,Ingta,Ferruginous,1,1
411,63.4,-128.6,544,Ingta,Ferruginous,4,1
412,63.4,-128.4,546,Blueflower,Ferruginous,13,1
413,63.4,-128.4,548,Blueflower,Ferruginous,13,1
414,63.4,-128.4,550,Blueflower,Ferruginous,10,1
415,63.4,-128.4,555,Gametrail,Ferruginous,3,1
416,63.4,-128.4,560,June beds,Ferruginous,1,1
417,63.4,-128.4,561,June beds,Ferruginous,1,1
418,63.4,-128.4,562,June beds,Ferruginous,2,1
419,63.4,-128.4,563,June beds,Ferruginous,3,1
420,63.4,-128.4,564,June beds,Ferruginous,1,1
421,63.4,-128.4,565,June beds,Ferruginous,2,1
422,63.4,-128.4,568,June beds,Ferruginous,3,1
423,63.4,-128.4,569,June beds,Ferruginous,2,1
424,63.4,-128.4,570,June beds,Ferruginous,1,1
425,63.4,-128.4,571,June beds,Ferruginous,3,1
426,63.4,-128.4,572,June beds,Ferruginous,2,1
427,63.4,-128.4,575,June beds,Ferruginous,2,1
428,63.4,-128.4,576,June beds,Ferruginous,1,1
429,63.4,-128.4,577,June beds,Ferruginous,4,1
430,63.4,-128.4,578,June beds,Ferruginous,1,1
431,63.4,-128.4,579,June beds,Ferruginous,3,1
432,63.5,-128.7,546,Blueflower,Ferruginous,6,1
433,63.5,-128.5,535,Ingta,Ferruginous,16,1
434,64,-128.8,659,Twitya,Ferruginous,2,1
435,64,-128.8,660,Twitya,Ferruginous,2,1
436,64,-128.8,661,Twitya,Ferruginous,2,1
437,64.1,-132.3,568,Black Shale,Ferruginous,4,1
438,64.1,-132.3,572,Upper Carbonate,Ferruginous,15,1
439,64.1,-132.3,630,Sheepbed,Ferruginous,1,1
440,64.1,-132.3,631,Sheepbed,Ferruginous,1,1
441,64.1,-132.3,633,Sheepbed,Ferruginous,3,1
442,64.1,-132.3,634,Sheepbed,Ferruginous,1,1
443,64.1,-132.3,635,Sheepbed,Ferruginous,9,1
444,64.5,-133,553,Blueflower,Ferruginous,1,0.5
445,64.6,-133,550,Blueflower,Ferruginous,2,0.666666667
446,64.6,-129.7,643,Keele,Ferruginous,1,1
447,64.6,-129.7,660,Twitya,Ferruginous,1,1
448,64.6,-129.7,661,Twitya,Ferruginous,4,1
449,64.6,-129.7,662,Twitya,Ferruginous,24,1
450,64.7,-139.8,808,Reefal Assemblage,Ferruginous,16,1
451,64.7,-139.8,813,Reefal Assemblage,Ferruginous,3,1
452,64.7,-139.8,818,Reefal Assemblage,Ferruginous,2,1
453,64.7,-139.8,823,Reefal Assemblage,Ferruginous,20,1
454,64.7,-139.8,826,Reefal Assemblage,Ferruginous,2,1
455,64.7,-139.8,828,Chandindu,Ferruginous,2,1
456,64.7,-139.8,828,Reefal Assemblage,Ferruginous,3,1
457,64.7,-139.7,808,Reefal Assemblage,Ferruginous,2,1
458,64.7,-139.4,740,Callison Lake,Ferruginous,8,1
459,64.7,-139.3,808,Reefal Assemblage,Ferruginous,1,1
460,64.7,-139.3,828,Reefal Assemblage,Ferruginous,1,1
461,64.7,-129.8,634,Hayhook,Ferruginous,5,0.833333333
462,64.7,-129.8,634,Sheepbed,Ferruginous,12,0.6
463,64.7,-129.8,635,Hayhook,Ferruginous,4,1
464,64.7,132.9,560,Blueflower,Ferruginous,7,1
465,64.7,132.9,595,June beds,Ferruginous,1,1
466,64.7,132.9,612,June beds,Ferruginous,1,1
467,64.7,132.9,616,June beds,Ferruginous,1,1
468,64.7,132.9,617,June beds,Ferruginous,1,1
469,64.7,132.9,621,Sheepbed,Ferruginous,1,1
470,64.7,132.9,623,Sheepbed,Ferruginous,1,1
471,64.7,132.9,624,Sheepbed,Ferruginous,2,1
472,64.7,132.9,625,Sheepbed,Ferruginous,1,1
473,64.7,132.9,626,Sheepbed,Ferruginous,2,1
474,64.7,132.9,627,Sheepbed,Ferruginous,1,1
475,64.7,132.9,628,Sheepbed,Ferruginous,3,1
476,64.7,132.9,629,Sheepbed,Ferruginous,1,1
477,64.7,132.9,630,Sheepbed,Ferruginous,1,1
478,64.7,132.9,631,Sheepbed,Ferruginous,1,1
479,64.8,-140.1,640,Hay Creek,Ferruginous,9,1
480,64.8,-140,813,Reefal Assemblage,Ferruginous,5,1
481,64.8,-140,818,Reefal Assemblage,Ferruginous,2,1
482,64.8,-139.7,808,Reefal Assemblage,Ferruginous,1,1
483,64.8,-139.7,813,Reefal Assemblage,Ferruginous,5,1
484,64.8,-139.7,828,Reefal Assemblage,Ferruginous,1,1
485,64.8,-139.6,814,Reefal Assemblage,Ferruginous,1,1
486,64.8,-139.6,818,Reefal Assemblage,Ferruginous,2,1
487,64.8,-139.6,823,Reefal Assemblage,Ferruginous,2,1
488,64.8,-139.6,828,Chandindu,Ferruginous,4,1
489,64.8,-139.5,825,Reefal Assemblage,Ferruginous,4,1
490,64.8,-139.5,830,Reefal Assemblage,Ferruginous,19,1
491,64.8,-133.1,902,Black Canyon Creek,Ferruginous,1,1
492,64.8,-133,628,Sheepbed,Ferruginous,1,1
493,64.8,-133,631,Sheepbed,Ferruginous,1,1
494,64.8,-133,633,Sheepbed,Ferruginous,1,1
495,64.9,-133.1,650,Profeit,Ferruginous,1,1
496,64.9,-133.1,655,Profeit,Ferruginous,5,1
497,64.9,-133,543,Risky,Ferruginous,4,1
498,64.9,-133,546,Blueflower,Ferruginous,1,1
499,64.9,-133,547,Blueflower,Ferruginous,2,1
500,64.9,-133,548,Blueflower,Ferruginous,2,1
501,64.9,-133,550,Blueflower,Ferruginous,4,1
502,64.9,-133,551,Blueflower,Ferruginous,2,1
503,64.9,-133,610,Sheepbed,Ferruginous,3,1
504,64.9,-133,613,Sheepbed,Ferruginous,1,1
505,64.9,-133,614,Sheepbed,Ferruginous,1,1
506,64.9,-133,616,Sheepbed,Ferruginous,2,1
507,64.9,-133,617,Sheepbed,Ferruginous,2,1
508,64.9,-133,618,Sheepbed,Ferruginous,3,1
509,64.9,-133,619,Sheepbed,Ferruginous,3,1
510,64.9,-133,620,Sheepbed,Ferruginous,3,1
511,64.9,-133,621,Sheepbed,Ferruginous,1,1
512,64.9,-133,622,Sheepbed,Ferruginous,5,1
513,64.9,-133,623,Sheepbed,Ferruginous,3,1
514,64.9,-133,624,Sheepbed,Ferruginous,1,1
515,64.9,-133,625,Sheepbed,Ferruginous,3,1
516,64.9,-133,626,Sheepbed,Ferruginous,4,1
517,64.9,-133,627,Sheepbed,Ferruginous,1,1
518,64.9,-133,628,Sheepbed,Ferruginous,1,1
519,64.9,-133,629,Sheepbed,Ferruginous,3,1
520,64.9,-133,630,Sheepbed,Ferruginous,2,1
521,64.9,-133,631,Sheepbed,Ferruginous,1,1
522,64.9,-133,632,Sheepbed,Ferruginous,2,1
523,64.9,-133,633,Sheepbed,Ferruginous,2,1
524,64.9,-133,634,Sheepbed,Ferruginous,3,1
525,64.9,-133,635,Sheepbed,Ferruginous,2,1
526,65.3,-140.9,808,Reefal Assemblage,Ferruginous,27,0.964285714
527,65.7,-135.8,408,Road River,Ferruginous,7,1
528,65.7,-135.8,409,Road River,Ferruginous,3,1
529,65.7,-135.8,410,Road River,Ferruginous,1,1
530,65.7,-135.8,411,Road River,Ferruginous,2,1
531,65.7,-135.8,412,Road River,Ferruginous,1,1
532,65.7,-135.8,422,Road River,Ferruginous,3,1
533,65.7,-135.8,423,Road River,Ferruginous,1,1
534,65.7,-135.8,425,Road River,Ferruginous,2,1
535,65.7,-135.8,426,Road River,Ferruginous,1,1
536,65.9,-135.8,388,Road River,Ferruginous,15,0.882352941
537,65.9,-135.8,397,Road River,Ferruginous,1,1
538,65.9,-135.8,399,Road River,Ferruginous,1,1
539,65.9,-135.8,405,Road River,Ferruginous,7,0.636363636
540,65.9,-135.8,406,Road River,Ferruginous,14,0.875
541,65.9,-135.8,407,Road River,Ferruginous,10,0.769230769
542,65.9,-135.8,408,Road River,Ferruginous,9,0.409090909
543,65.9,-135.8,409,Road River,Ferruginous,11,0.647058824
544,65.9,-135.8,410,Road River,Ferruginous,19,0.904761905
545,65.9,-135.8,419,Road River,Ferruginous,11,1
546,65.9,-135.8,420,Road River,Ferruginous,16,1
547,65.9,-135.8,421,Road River,Ferruginous,17,1
548,65.9,-135.8,422,Road River,Ferruginous,17,1
549,65.9,-135.8,423,Road River,Ferruginous,12,1
550,65.9,-135.8,424,Road River,Ferruginous,8,1
551,65.9,-135.8,425,Road River,Ferruginous,8,1
552,65.9,-135.8,426,Road River,Ferruginous,6,1
553,65.9,-135.8,427,Road River,Ferruginous,8,0.888888889
554,65.9,-135.8,428,Road River,Ferruginous,18,1
555,65.9,-135.8,429,Road River,Ferruginous,18,0.947368421
556,65.9,-135.8,430,Road River,Ferruginous,5,0.833333333
557,65.9,-135.7,430,Road River,Ferruginous,13,1
558,65.9,-135.7,431,Road River,Ferruginous,12,1
559,65.9,-135.7,432,Road River,Ferruginous,12,0.923076923
560,65.9,-135.7,433,Road River,Ferruginous,7,1
561,65.9,-135.7,434,Road River,Ferruginous,5,1
562,65.9,-135.7,435,Road River,Ferruginous,8,1
563,65.9,-135.7,436,Road River,Ferruginous,5,1
564,65.9,-135.7,437,Road River,Ferruginous,1,1
565,65.9,-135.7,438,Road River,Ferruginous,2,0.666666667
566,65.9,-135.7,439,Road River,Ferruginous,6,1
567,65.9,-135.7,443,Road River,Ferruginous,1,1
568,65.9,-135.7,446,Road River,Ferruginous,2,1
569,65.9,-135.7,447,Road River,Ferruginous,1,1
570,65.9,-135.7,448,Road River,Ferruginous,3,0.75
571,65.9,-135.7,451,Road River,Ferruginous,1,1
572,65.9,-135.7,453,Road River,Ferruginous,1,0.333333333
573,65.9,-135.7,454,Road River,Ferruginous,2,0.666666667
574,65.9,-135.7,455,Road River,Ferruginous,4,0.8
575,65.9,-135.7,456,Road River,Ferruginous,1,1
576,65.9,-135.7,457,Road River,Ferruginous,1,1
577,65.9,-135.7,458,Road River,Ferruginous,2,1
578,65.9,-135.7,460,Road River,Ferruginous,1,1
579,65.9,-135.7,462,Road River,Ferruginous,1,0.5
580,65.9,-135.7,463,Road River,Ferruginous,2,1
581,65.9,-135.7,464,Road River,Ferruginous,2,0.666666667
582,65.9,-135.7,467,Road River,Ferruginous,2,1
583,65.9,-135.7,470,Road River,Ferruginous,1,0.5
584,65.9,-135.7,477,Road River,Ferruginous,1,0.5
585,65.9,-135.6,471,Road River,Ferruginous,2,1
586,65.9,-135.6,472,Road River,Ferruginous,3,1
587,65.9,-135.6,473,Road River,Ferruginous,2,0.5
588,65.9,-135.6,476,Road River,Ferruginous,2,0.333333333
589,65.9,-135.6,477,Road River,Ferruginous,5,0.416666667
590,65.9,-135.6,478,Road River,Ferruginous,62,0.925373134
591,65.9,-135.6,479,Road River,Ferruginous,1,0.5
592,65.9,-135.6,480,Road River,Ferruginous,5,1
593,65.9,-135.6,481,Road River,Ferruginous,10,0.714285714
594,65.9,-135.6,482,Road River,Ferruginous,9,0.818181818
595,65.9,-135.6,483,Road River,Ferruginous,1,0.5
596,65.9,-135.6,484,Road River,Ferruginous,3,0.75
597,65.9,-135.6,485,Road River,Ferruginous,24,0.827586207
598,65.9,-135.6,494,Road River,Ferruginous,4,1
599,65.9,-135.6,495,Map unit Csh,Ferruginous,7,1
600,65.9,-135.6,496,Map unit Csh,Ferruginous,7,1
601,65.9,-135.6,497,Map unit Csh,Ferruginous,4,1
602,65.9,-135.6,498,Map unit Csh,Ferruginous,10,1
603,65.9,-135.6,498,Road River,Ferruginous,1,1
604,66.3,-136.2,379,Canol,Ferruginous,3,0.75
605,66.3,-136.2,380,Canol,Ferruginous,3,1
606,66.3,-136.2,381,Canol,Ferruginous,3,0.75
607,66.3,-136.2,382,Canol,Ferruginous,2,0.666666667
608,66.3,-136.2,383,Canol,Ferruginous,1,0.25
609,66.3,-136.2,387,Canol,Ferruginous,3,1
610,66.3,-136.2,388,Canol,Ferruginous,1,1
611,66.9,-136.3,409,Road River,Ferruginous,1,1
612,66.9,-136.3,426,Road River,Ferruginous,1,1
613,66.9,-136.3,446,Road River,Ferruginous,1,1
614,66.9,-136.2,458,Road River,Ferruginous,1,1
615,70.3,-148.4,218,Shublik,Ferruginous,6,1
616,70.3,-148.4,232,Shublik,Ferruginous,3,0.75
617,70.6,105,1500,Kotuikan,Ferruginous,1,1
618,71,-74.6,1135,Bylot,Ferruginous,2,1
619,71.3,-115.6,800,Upper Carbonate,Ferruginous,2,1
620,71.6,-115.9,870,Jago Bay,Ferruginous,1,1
621,71.7,-113.6,800,Upper Carbonate,Ferruginous,2,0.2
622,72.2,-111.7,850,Shaler,Ferruginous,1,0.5
623,72.4,-81.3,1048,Arctic Bay,Ferruginous,38,1
624,72.4,-81.2,1048,Arctic Bay,Ferruginous,18,1
625,72.5,-112.3,890,Reynolds Point,Ferruginous,3,1
626,72.5,-82.8,1048,Iqqittuq,Ferruginous,1,1
627,72.8,-25,605,Spiral Creek,Ferruginous,3,1
628,72.8,-25,610,Canyon Formation,Ferruginous,6,1
629,72.9,-25.2,648,Arena,Ferruginous,1,0.125
630,76,-99.5,408,Cape Phillips,Ferruginous,1,0.5
631,76,-99.5,412,Cape Phillips,Ferruginous,5,1
632,76,-99.5,417,Cape Phillips,Ferruginous,1,1
633,76,-99.5,420,Cape Phillips,Ferruginous,2,0.666666667
634,78.7,18.1,780,Backlundtoppen,Ferruginous,1,1
635,78.7,18.2,740,Russøya,Ferruginous,1,1
636,78.7,18.2,741,Russøya,Ferruginous,1,1
637,78.7,18.2,742,Russøya,Ferruginous,2,1
638,78.7,18.2,744,Russøya,Ferruginous,2,1
639,78.7,18.2,793,Svanbergjellet,Ferruginous,1,1
640,78.7,18.2,795,Svanbergjellet,Ferruginous,1,1
641,79.1,18.4,630,Dracoisen,Ferruginous,1,1
642,79.1,18.4,631,Dracoisen,Ferruginous,2,1
643,79.2,17.5,640,Elbobreen,Ferruginous,2,1
644,79.2,17.5,650,Elbobreen,Ferruginous,2,1
645,79.6,17.7,800,Svanbergfjellet,Ferruginous,3,1
646,79.8,18.6,632,Dracoisen,Ferruginous,1,1
647,79.8,18.6,633,Dracoisen,Ferruginous,1,1
648,79.8,18.6,634,Dracoisen,Ferruginous,1,1
649,79.8,18.6,648,Macdonaldryggen,Ferruginous,1,1
650,79.8,18.6,649,Macdonaldryggen,Ferruginous,1,1
651,79.8,18.6,650,Macdonaldryggen,Ferruginous,1,1
652,79.8,18.6,652,Macdonaldryggen,Ferruginous,1,1
653,79.8,18.6,653,Macdonaldryggen,Ferruginous,1,1
654,79.8,18.6,654,Macdonaldryggen,Ferruginous,2,1
655,79.9,18.3,646,Macdonaldryggen,Ferruginous,2,1
656,79.9,18.3,647,Macdonaldryggen,Ferruginous,1,1
657,79.9,18.3,735,Russøya,Ferruginous,1,1
658,79.9,18.3,736,Russøya,Ferruginous,1,1
659,79.9,18.5,634,Dracoisen,Ferruginous,2,1
660,80,18.6,802,Svanbergjellet,Ferruginous,1,1
661,82.8,-42.2,517,Buen,Ferruginous,6,1
662,-29.4,118.6,509,Hetang,Ferruginous,9,0
663,-29.4,118.6,513,Hetang,Ferruginous,18,0
664,-29.4,118.6,516,Piyuancun,Ferruginous,2,0
665,-29.4,118.6,524,Piyuancun,Ferruginous,1,0
666,-29.4,118.6,526,Piyuancun,Ferruginous,1,0
667,-29.4,118.6,529,Piyuancun,Ferruginous,2,0
668,-29.4,118.6,530,Piyuancun,Ferruginous,1,0
669,-29.4,118.6,533,Piyuancun,Ferruginous,1,0
670,-29.4,118.6,542,Piyuancun,Ferruginous,2,0
671,-29.4,118.6,544,Piyuancun,Ferruginous,2,0
672,-29.4,118.6,545,Piyuancun,Ferruginous,1,0
673,-29.4,118.6,546,Piyuancun,Ferruginous,2,0
674,-29.4,118.6,547,Piyuancun,Ferruginous,2,0
675,-29.4,118.6,551,Lantian,Ferruginous,1,0
676,23.5,-7.8,1107,Touirist,Ferruginous,14,0
677,26.1,12.2,442,Tanezzuft,Ferruginous,24,0
678,26.1,12.2,443,Tanezzuft,Ferruginous,26,0
679,26.8,108.4,515,Jiumenchong,Ferruginous,1,0
680,26.8,108.4,537,Liuchapo,Ferruginous,1,0
681,26.8,108.4,538,Liuchapo,Ferruginous,1,0
682,26.8,108.4,542,Liuchapo,Ferruginous,1,0
683,26.8,108.4,544,Liuchapo,Ferruginous,1,0
684,26.8,108.4,557,Member IV,Ferruginous,1,0
685,26.8,108.4,558,Member IV,Ferruginous,4,0
686,26.8,108.4,559,Member IV,Ferruginous,3,0
687,26.8,108.4,560,Member IV,Ferruginous,4,0
688,26.8,108.4,562,Member III,Ferruginous,1,0
689,26.8,108.4,563,Member III,Ferruginous,1,0
690,26.8,108.4,564,Member III,Ferruginous,3,0
691,26.8,108.4,565,Member III,Ferruginous,3,0
692,26.8,108.4,566,Member III,Ferruginous,3,0
693,26.8,108.4,567,Member III,Ferruginous,1,0
694,26.8,108.4,568,Member III,Ferruginous,2,0
695,26.8,108.4,569,Member III,Ferruginous,2,0
696,26.8,108.4,570,Member III,Ferruginous,3,0
697,26.8,108.4,571,Member III,Ferruginous,3,0
698,26.8,108.4,572,Member III,Ferruginous,3,0
699,26.8,108.4,573,Member III,Ferruginous,2,0
700,26.8,108.4,582,Member II,Ferruginous,1,0
701,26.8,108.4,583,Member II,Ferruginous,1,0
702,26.8,108.4,585,Member II,Ferruginous,1,0
703,26.8,108.4,586,Member II,Ferruginous,1,0
704,26.8,108.4,589,Member II,Ferruginous,1,0
705,26.8,108.4,592,Member II,Ferruginous,1,0
706,26.8,108.4,595,Member II,Ferruginous,1,0
707,26.8,108.4,598,Member II,Ferruginous,1,0
708,26.8,108.4,600,Member II,Ferruginous,1,0
709,26.8,108.4,604,Member II,Ferruginous,1,0
710,26.8,108.4,606,Member II,Ferruginous,1,0
711,26.8,108.4,610,Member II,Ferruginous,1,0
712,26.8,108.4,612,Member II,Ferruginous,1,0
713,26.8,108.4,614,Member II,Ferruginous,1,0
714,26.8,108.4,617,Member II,Ferruginous,1,0
715,26.8,108.4,626,Member II,Ferruginous,1,0
716,26.8,108.4,628,Member II,Ferruginous,2,0
717,26.8,108.4,629,Member II,Ferruginous,1,0
718,26.8,108.4,630,Member II,Ferruginous,1,0
719,26.8,108.4,631,Member II,Ferruginous,3,0
720,28.3,108.6,526,Xiaosi,Ferruginous,1,0
721,28.3,108.6,531,Niutitang,Ferruginous,1,0
722,28.3,108.6,539,Jiumenchong,Ferruginous,1,0
723,28.3,108.6,540,Jiumenchong,Ferruginous,2,0
724,28.3,108.6,541,Jiumenchong,Ferruginous,1,0
725,28.4,109.3,662,Datangpo,Ferruginous,3,0
726,28.4,109.3,663,Datangpo,Ferruginous,4,0
727,29.6,111.1,555,Doushantuo,Ferruginous,1,0
728,29.6,111.1,628,Doushantuo,Ferruginous,1,0
729,29.6,111.1,631,Doushantuo,Ferruginous,1,0
730,29.6,111.1,633,Doushantuo,Ferruginous,1,0
731,29.9,118.1,522,Hetang,Ferruginous,1,0
732,29.9,118.1,523,Hetang,Ferruginous,2,0
733,29.9,118.1,524,Hetang,Ferruginous,2,0
734,29.9,118.1,525,Hetang,Ferruginous,2,0
735,29.9,118.1,526,Hetang,Ferruginous,3,0
736,29.9,118.1,527,Hetang,Ferruginous,2,0
737,29.9,118.1,534,Hetang,Ferruginous,2,0
738,30,111,522,Niutitang,Ferruginous,1,0
739,30,111,660,Datangpo,Ferruginous,1,0
740,30.5,-5.3,433,Tamaghrout,Ferruginous,1,0
741,30.6,37.6,443,Batra,Ferruginous,1,0
742,30.8,111.1,555,Doushantuo,Ferruginous,1,0
743,30.8,111.1,556,Doushantuo,Ferruginous,1,0
744,30.8,111.1,557,Doushantuo,Ferruginous,1,0
745,30.8,111.1,558,Doushantuo,Ferruginous,1,0
746,30.8,111.1,559,Doushantuo,Ferruginous,1,0
747,30.8,111.1,560,Doushantuo,Ferruginous,2,0
748,30.8,111.1,608,Doushantuo,Ferruginous,2,0
749,30.8,111.1,613,Doushantuo,Ferruginous,1,0
750,30.8,111.1,616,Doushantuo,Ferruginous,1,0
751,30.8,111.1,621,Doushantuo,Ferruginous,1,0
752,30.8,111.1,632,Doushantuo,Ferruginous,1,0
753,30.8,111.1,633,Doushantuo,Ferruginous,1,0
754,30.8,111.1,634,Doushantuo,Ferruginous,1,0
755,30.8,111.1,635,Doushantuo,Ferruginous,2,0
756,30.8,111.1,636,Doushantuo,Ferruginous,1,0
757,30.9,110.9,557,Member IV,Ferruginous,5,0
758,30.9,110.9,558,Member IV,Ferruginous,9,0
759,30.9,110.9,559,Member IV,Ferruginous,14,0
760,31.6,-101.6,290,Leonard,Ferruginous,4,0
761,31.6,-101.6,292,Leonard,Ferruginous,1,0
762,39.3,-80.4,388,Cherry Valley Limestone,Ferruginous,1,0
763,44.6,-84.6,368,Lachine,Ferruginous,2,0
764,44.6,-84.6,369,Lachine,Ferruginous,1,0
765,44.6,-84.6,371,Ellsworth,Ferruginous,1,0
766,44.6,-84.6,372,Ellsworth,Ferruginous,2,0
767,44.6,-84.6,372,Norwood,Ferruginous,2,0
768,44.6,-84.6,373,Norwood,Ferruginous,1,0
769,44.6,-84.6,373,Paxton,Ferruginous,1,0
770,44.6,-84.6,374,Paxton,Ferruginous,1,0
771,44.9,-84.5,371,Ellsworth,Ferruginous,1,0
772,44.9,-84.5,372,Ellsworth,Ferruginous,3,0
773,44.9,-84.5,373,Paxton,Ferruginous,2,0
774,47.2,-103.6,361,Bakken,Ferruginous,23,0
775,48.2,-8.8,183,Posidonia,Ferruginous,37,0
776,48.4,-104.1,356,Bakken,Ferruginous,6,0
777,48.4,-104.1,361,Bakken,Ferruginous,4,0
778,48.7,-102.2,356,Bakken,Ferruginous,5,0
779,48.8,10,183,Posidonia,Ferruginous,12,0
780,49.9,14.1,428,Motol,Ferruginous,1,0
781,49.9,14.1,430,Motol,Ferruginous,1,0
782,50,14.4,433,Motol,Ferruginous,1,0
783,51.7,-115.5,182,Fernie,Ferruginous,1,0
784,51.7,-115.5,183,Fernie,Ferruginous,25,0
785,51.7,-115.5,185,Fernie,Ferruginous,2,0
786,52.2,9.6,183,Posidonia,Ferruginous,3,0
787,54,-2.5,331,Bowland Shale,Ferruginous,2,0
788,54.4,-16.9,184,Fernie,Ferruginous,7,0
789,54.4,-16.9,186,Fernie,Ferruginous,2,0
790,54.4,-16.9,187,Fernie,Ferruginous,2,0
791,54.5,-0.8,181,Mulgrave Shale,Ferruginous,3,0
792,54.5,-0.8,182,Mulgrave Shale,Ferruginous,15,0
793,54.5,-0.8,183,Mulgrave Shale,Ferruginous,4,0
794,55.7,13.3,458,Almelund Shale,Ferruginous,2,0
795,55.7,14,494,Alum,Ferruginous,4,0
796,55.7,14,495,Alum,Ferruginous,6,0
797,55.7,14,496,Alum,Ferruginous,7,0
798,55.7,14,497,Alum,Ferruginous,6,0
799,55.7,14,498,Alum,Ferruginous,4,0
800,55.8,-118.7,180,Fernie,Ferruginous,1,0
801,55.8,-118.7,181,Fernie,Ferruginous,3,0
802,55.8,-118.7,182,Fernie,Ferruginous,11,0
803,55.8,-118.7,184,Fernie,Ferruginous,1,0
804,56.5,-122.1,247,Doig,Ferruginous,2,0
805,56.7,21.6,440,Dobele,Ferruginous,1,0
806,60.1,-124.1,361,Patry,Ferruginous,1,0
807,60.1,-124.1,363,Patry,Ferruginous,1,0
808,60.1,-124.1,365,Patry,Ferruginous,1,0
809,60.1,-124.1,369,Patry,Ferruginous,1,0
810,60.1,-124.1,370,Patry,Ferruginous,3,0
811,60.1,-124.1,372,Patry,Ferruginous,1,0
812,60.1,-124.1,382,Otter Park,Ferruginous,4,0
813,60.9,15,448,Fjäcka Shale,Ferruginous,10,0
814,61,15.2,439,Kallholn,Ferruginous,2,0
815,61,15.2,448,Fjäcka Shale,Ferruginous,6,0
816,65.9,-135.8,389,Road River,Ferruginous,2,0
817,65.9,-135.8,390,Road River,Ferruginous,2,0
818,65.9,-135.8,392,Road River,Ferruginous,1,0
819,65.9,-135.8,393,Road River,Ferruginous,1,0
820,65.9,-135.8,395,Road River,Ferruginous,1,0
821,65.9,-135.8,396,Road River,Ferruginous,2,0
822,65.9,-135.8,398,Road River,Ferruginous,1,0
823,65.9,-135.7,449,Road River,Ferruginous,1,0
824,65.9,-135.7,450,Road River,Ferruginous,1,0
825,65.9,-135.7,465,Road River,Ferruginous,3,0
826,65.9,-135.7,466,Road River,Ferruginous,10,0
827,66.3,-136.2,378,Canol,Ferruginous,1,0
828,66.3,-136.2,384,Canol,Ferruginous,3,0
829,66.3,-136.2,385,Canol,Ferruginous,2,0
830,66.3,-136.2,386,Canol,Ferruginous,3,0
831,66.3,-136.2,389,Road River,Ferruginous,4,0
832,71.6,-115.9,850,Minto Inlet,Ferruginous,1,0
